{"cameraMode":{"drawMode":0,"name":"Shaded","section":"Shading Mode"},"sceneLighting":true,"audioPlay":false,"sceneViewState":{"m_AlwaysRefresh":false,"showFog":true,"showSkybox":true,"showFlares":true,"showImageEffects":true,"showParticleSystems":true,"showVisualEffectGraphs":true,"m_FxEnabled":true},"in2DMode":false,"pivot":{"x":13.107036590576172,"y":-11.991325378417969,"z":-14.227195739746094},"rotation":{"x":0.13805584609508515,"y":0.8600539565086365,"z":-0.31522127985954287,"w":0.3766736090183258},"size":16.081035614013673,"orthographic":false}